X,Y
3.051197012396041e-7,0.109624063379262
3.039757548279839e-7,0.09860704915434804
3.039757548279839e-7,0.08979397482952534
3.039757548279839e-7,0.08098090050470308
3.039757548279839e-7,0.07216782617988038
3.039757548279839e-7,0.06335475185505768
3.039757548279839e-7,0.05454167753023498
3.039757548279839e-7,0.04572860320541228
3.0056958444980056e-7,0.041320052086345704
3.120743537253722e-7,0.23741766900250116
3.1090433312148306e-7,0.22640065477758764
3.1090433312148306e-7,0.21758758045276494
3.1090433312148306e-7,0.20877450612794224
3.1090433312148306e-7,0.19996143180311998
3.1090433312148306e-7,0.19114835747829728
3.1090433312148306e-7,0.18233528315347458
3.1090433312148306e-7,0.17352220882865188
3.1090433312148306e-7,0.16581076879443213
3.0742052524171804e-7,0.1580973148035567
3.0742052524171804e-7,0.149284240478734
3.0742052524171804e-7,0.1404711661539113
3.0742052524171804e-7,0.1316580918290886
3.0742052524171804e-7,0.12284501750426591
3.191875249531333e-7,0.3652112746257403
3.179908358428581e-7,0.35419426040082724
3.179908358428581e-7,0.34538118607600454
3.179908358428581e-7,0.33656811175118184
3.179908358428581e-7,0.32775503742635914
3.179908358428581e-7,0.3189419631015369
3.179908358428581e-7,0.3101288887767142
3.179908358428581e-7,0.3013158144518915
3.179908358428581e-7,0.29360437441767173
3.144276208548902e-7,0.2858909204267963
3.144276208548902e-7,0.2770778461019736
3.144276208548902e-7,0.2682647717771509
3.144276208548902e-7,0.2594516974523282
3.144276208548902e-7,0.2506386231275055
3.26462828071297e-7,0.4930048802489799
3.252388625941996e-7,0.4819878660240664
3.252388625941996e-7,0.4731747916992437
3.252388625941996e-7,0.464361717374421
3.252388625941996e-7,0.4555486430495983
3.252388625941996e-7,0.4467355687247756
3.252388625941996e-7,0.4379224943999529
3.252388625941996e-7,0.42910942007513064
3.252388625941996e-7,0.4213979800409109
3.215944305564231e-7,0.41368452605003503
3.215944305564231e-7,0.40487145172521277
3.215944305564231e-7,0.39605837740039007
3.215944305564231e-7,0.38724530307556737
3.215944305564231e-7,0.37843222875074467
3.326520950240285e-7,0.6207978145533342
3.326520950240285e-7,0.6119847402285115
3.326520950240285e-7,0.6031716659036888
3.326520950240285e-7,0.5943585915788661
3.326520950240285e-7,0.5855455172540434
3.326520950240285e-7,0.5767324429292211
3.326520950240285e-7,0.5679193686043984
3.326520950240285e-7,0.5591062942795757
3.326520950240285e-7,0.550293219954753
3.289245947404855e-7,0.5414781316732746
3.289245947404855e-7,0.5326650573484519
3.289245947404855e-7,0.5238519830236292
3.289245947404855e-7,0.515038908698807
3.289245947404855e-7,0.5062258343739843
3.4151469622556184e-7,0.7441855543330473
3.402342986973937e-7,0.7331685401081334
3.402342986973937e-7,0.7243554657833111
3.402342986973937e-7,0.7155423914584884
3.402342986973937e-7,0.7067293171336657
3.402342986973937e-7,0.697916242808843
3.402342986973937e-7,0.6891031684840203
3.402342986973937e-7,0.6802900941591976
3.364218367774591e-7,0.6736782744589256
3.364218367774591e-7,0.6648652001341029
3.364218367774591e-7,0.6560521258092802
3.364218367774591e-7,0.6472390514844575
3.364218367774591e-7,0.6384259771596352
3.364218367774591e-7,0.6296129028348125
3.4798932500859624e-7,0.8719784886374011
3.4798932500859624e-7,0.8631654143125789
3.4798932500859624e-7,0.8543523399877562
3.4798932500859624e-7,0.8455392656629335
3.4798932500859624e-7,0.8367261913381108
3.4798932500859624e-7,0.8279131170132881
3.4798932500859624e-7,0.8191000426884654
3.4798932500859624e-7,0.8102869683636431
3.4798932500859624e-7,0.8014738940388204
3.4408996490522526e-7,0.792658805757342
3.4408996490522526e-7,0.7838457314325193
3.4408996490522526e-7,0.7750326571076966
3.4408996490522526e-7,0.7662195827828739
3.4408996490522526e-7,0.7574065084580512
3.5592111313751584e-7,0.8896086652003579
3.5193287416357164e-7,0.8807935769188795
3.6403369205052277e-7,0.9006290360196969
3.723311825469964e-7,0.9116494068390368
3.8225092402817056e-7,0.9212016032564572
3.894978532596425e-7,0.9336901484777154
3.9837575331777844e-7,0.9425072507158494
4.089893808368261e-7,0.935167721344027
4.21465927794853e-7,0.9337042461743046
4.262421421323625e-7,0.9259948200967405
4.458944270894936e-7,0.918291435889143
4.5777405912666717e-7,0.9087486379361152
4.770847477153084e-7,0.9006773709794311
4.770847477153084e-7,0.8940675652358143
4.99081177641026e-7,0.8874658153188197
4.934887726659909e-7,0.8830572641997527
5.220917731459064e-7,0.8830673339830306
5.461632932642785e-7,0.8830753898096528
5.713446528986379e-7,0.8830834456362755
5.976870222179295e-7,0.8819898671722948
6.252439306386796e-7,0.8786930201271086
6.252439306386796e-7,0.8720832143834913
6.540713756002629e-7,0.8698880016289081
6.540713756002629e-7,0.8632781958852913
6.842279363553642e-7,0.8610829831307081
6.842279363553642e-7,0.8544731773870913
7.157748930068468e-7,0.8544812332137135
7.487763510329337e-7,0.8544892890403357
7.832993715537213e-7,0.8544973448669579
8.011532659412187e-7,0.848993201327255
8.194141076037633e-7,0.8390825206251407
8.194141076037633e-7,0.830269446300318
8.380911721694674e-7,0.8192571313076007
8.380911721694674e-7,0.8115456912733809
8.571939466876279e-7,0.8016350105712671
8.571939466876279e-7,0.7939235705370473
8.767321344476999e-7,0.7840128898349326
8.866676009102307e-7,0.7752018294667655
8.967156599080957e-7,0.7663907690985985
8.967156599080957e-7,0.7575776947737758
9.068775873833032e-7,0.7487666344056092
9.068775873833032e-7,0.7399535600807865
9.171546737373263e-7,0.7289392311314136
9.171546737373263e-7,0.7201261568065913
9.171546737373263e-7,0.7113130824817686
9.171546737373263e-7,0.7025000081569459
9.068775873833032e-7,0.6980914570378789
9.380595579700629e-7,0.6892844245830227
9.380595579700629e-7,0.6804713502582
9.380595579700629e-7,0.6716582759333773
9.380595579700629e-7,0.6628452016085551
9.380595579700629e-7,0.6540321272837324
9.380595579700629e-7,0.6452190529589097
9.380595579700629e-7,0.636405978634087
9.59440931280705e-7,0.6253936636413702
9.59440931280705e-7,0.6165805893165475
9.813096543771502e-7,0.748780732102198
9.813096543771502e-7,0.7399676577773753
9.813096543771502e-7,0.7311545834525526
9.813096543771502e-7,0.7223415091277299
9.813096543771502e-7,0.7135284348029072
9.813096543771502e-7,0.7047153604780845
9.813096543771502e-7,0.6970039204438647
9.703136857070295e-7,0.6870871978717843
9.703136857070295e-7,0.6782741235469616
9.703136857070295e-7,0.6694610492221389
9.703136857070295e-7,0.6606479748973162
9.703136857070295e-7,0.6518349005724935
9.703136857070295e-7,0.6430218262476708
9.703136857070295e-7,0.6342087519228485
0.0000010036768355175216,0.81928935461409
0.0000010036768355175216,0.8104762802892678
0.0000010036768355175216,0.8016632059644451
0.0000010036768355175216,0.7928501316396224
0.0000010036768355175216,0.7840370573147997
0.0000010036768355175216,0.775223982989977
0.0000010036768355175216,0.7664109086651543
0.0000010036768355175216,0.7575978343403316
0.0000010150508882603076,0.748786773972165
0.0000010265538361526231,0.7399757136039979
0.0000010265538361526231,0.7311626392791752
0.0000010265538361526231,0.7223495649543525
0.0000010265538361526231,0.7135364906295298
0.0000010265538361526231,0.7047234163047071
0.0000010265538361526231,0.6959103419798849
0.0000010265538361526231,0.6870972676550622
0.0000010265538361526231,0.6782841933302395
0.0000010265538361526231,0.6694711190054168
0.0000010381871398839844,0.6606600586372493
0.0000010381871398839844,0.6518469843124266
0.0000010381871398839844,0.6430339099876039
0.0000010381871398839844,0.6342208356627816
0.0000010381871398839844,0.625407761337959
0.0000010499522766970022,0.614393432388586
0.0000010499522766970022,0.6055803580637638
0.0000010499522766970022,0.5967672837389411
0.0000010499522766970022,0.5879542094141184
0.0000010499522766970022,0.5791411350892957
0.0000010499522766970022,0.570328060764473
0.0000010499522766970022,0.5615149864396503
0.0000010499522766970022,0.5527019121148276
0.0000010499522766970022,0.5438888377900053
0.0000010381871398839844,0.5394802866709383
0.0000010618507405749693,0.5328745088406324
0.0000010618507405749693,0.5240614345158097
0.0000010618507405749693,0.5152483601909874
0.0000010618507405749693,0.5064352858661647
0.0000010618507405749693,0.497622211541342
0.000001073884042431576,0.4866078825919695
0.000001073884042431576,0.4777948082671468
0.000001073884042431576,0.4689817339423241
0.000001073884042431576,0.4601686596175014
0.000001073884042431576,0.4513555852926787
0.000001073884042431576,0.442542510967856
0.000001073884042431576,0.43372943664303376
0.000001073884042431576,0.42491636231821106
0.000001073884042431576,0.41610328799338836
0.0000010618507405749693,0.41169473687432134
0.0000010983612895407638,0.4050909730006711
0.0000010983612895407638,0.3962778986758484
0.0000010983612895407638,0.3874648243510257
0.0000010983612895407638,0.378651750026203
0.0000010983612895407638,0.3698386757013803
0.0000010983612895407638,0.3610256013765576
0.0000010983612895407638,0.3522125270517349
0.0000010983612895407638,0.34339945272691264
0.0000010983612895407638,0.33458637840208993
0.0000010983612895407638,0.32577330407726723
0.0000010983612895407638,0.31696022975244453
0.0000010983612895407638,0.31035042400882773
0.000001127624108654224,0.44034796953215816
0.00000112339645128726,0.42933095530724463
0.00000112339645128726,0.42051788098242193
0.00000112339645128726,0.41170480665759923
0.0000011490022443275248,0.550514755186867
0.0000011490022443275248,0.5417016808620443
0.0000011490022443275248,0.5328886065372216
0.0000011490022443275248,0.5240755322123989
0.0000011490022443275248,0.5152624578875766
0.0000011490022443275248,0.5064493835627539
0.0000011490022443275248,0.49763630923793123
0.0000011490022443275248,0.48882323491310853
0.0000011361272128589457,0.48000814663163016
0.0000011361272128589457,0.47119507230680746
0.0000011361272128589457,0.4623819979819852
0.0000011361272128589457,0.4535689236571625
0.0000011361272128589457,0.40069047770822674
0.0000011361272128589457,0.39187740338340404
0.0000011361272128589457,0.38306432905858134
0.0000011361272128589457,0.37645452331496454
0.0000011751916751712264,0.6650887493228721
0.0000011751916751712264,0.6562756749980494
0.0000011751916751712264,0.6474626006732267
0.0000011751916751712264,0.6386495263484044
0.0000011751916751712264,0.6298364520235817
0.0000011751916751712264,0.621023377698759
0.0000011751916751712264,0.6122103033739363
0.0000011751916751712264,0.6033972290491136
0.0000011620231806150694,0.5945821407676353
0.0000011620231806150694,0.5857690664428126
0.0000011620231806150694,0.5769559921179903
0.0000011620231806150694,0.5681429177931676
0.0000011620231806150694,0.5593298434683449
0.0000012019780467879362,0.7620365948092322
0.0000012019780467879362,0.75322352048441
0.0000012019780467879362,0.7444104461595873
0.0000012019780467879362,0.7355973718347646
0.0000012019780467879362,0.7267842975099419
0.0000012019780467879362,0.7179712231851192
0.0000011885094001831678,0.7091561349036408
0.0000011885094001831678,0.7003430605788181
0.0000011885094001831678,0.6915299862539959
0.0000011885094001831678,0.6827169119291732
0.0000011885094001831678,0.6739038376043505
0.0000012573963472157643,0.7620446506358545
0.000001300630512951312,0.7620506925058215
0.000001300630512951312,0.7532376181809992
0.000001315369759220311,0.7422232892316258
0.000001315369759220311,0.7334102149068031
0.000001315369759220311,0.7245971405819809
0.000001315369759220311,0.7157840662571582
0.000001315369759220311,0.7069709919323355
0.000001315369759220311,0.6981579176075128
0.000001315369759220311,0.6893448432826901
0.000001315369759220311,0.6805317689578674
0.000001315369759220311,0.6717186946330447
0.000001315369759220311,0.6629056203082224
0.000001315369759220311,0.6540925459833997
0.000001315369759220311,0.645279471658577
0.000001315369759220311,0.6364663973337543
0.000001315369759220311,0.6276533230089316
0.000001315369759220311,0.6188402486841089
0.000001315369759220311,0.6100271743592867
0.000001315369759220311,0.601214100034464
0.0000013302760363089122,0.590199771085091
0.0000013302760363089122,0.5813866967602683
0.0000013302760363089122,0.5725736224354461
0.0000013302760363089122,0.5637605481106234
0.0000013302760363089122,0.5549474737858007
0.0000013302760363089122,0.546134399460978
0.0000013302760363089122,0.5373213251361553
0.0000013302760363089122,0.5285082508113326
0.0000013302760363089122,0.5196951764865103
0.0000013453512370747414,0.5108841161183433
0.0000013453512370747414,0.5020710417935206
0.0000013453512370747414,0.4932579674686979
0.0000013453512370747414,0.4844448931438752
0.0000013453512370747414,0.4756318188190525
0.0000013453512370747414,0.4668187444942298
0.0000013453512370747414,0.4580056701694075
0.0000013453512370747414,0.4491925958445848
0.0000013453512370747414,0.4403795215197621
0.0000013453512370747414,0.4315664471949394
0.0000013453512370747414,0.4227533728701167
0.0000013453512370747414,0.413940298545294
0.0000013453512370747414,0.40512722422047176
0.0000013453512370747414,0.39631414989564906
0.0000013453512370747414,0.38750107557082636
0.0000013453512370747414,0.37868800124600366
0.0000013453512370747414,0.3709765612117839
0.000001360597275826017,0.3610638665530139
0.000001360597275826017,0.3522507922281912
0.000001360597275826017,0.34343771790336897
0.000001360597275826017,0.33462464357854627
0.000001360597275826017,0.32581156925372357
0.000001360597275826017,0.31699849492890086
0.000001360597275826017,0.30818542060407816
0.000001360597275826017,0.29937234627925546
0.000001360597275826017,0.2905592719544332
0.0000013760160885646344,0.2795449430050603
0.0000013760160885646344,0.2707318686802376
0.0000013760160885646344,0.2619187943554153
0.0000013760160885646344,0.2531057200305926
0.0000013760160885646344,0.24429264570576992
0.0000013760160885646344,0.23547957138094722
0.0000013760160885646344,0.22666649705612452
0.0000013760160885646344,0.21785342273130182
0.0000013760160885646344,0.20904034840647912
0.0000013760160885646344,0.20022727408165686
0.0000013760160885646344,0.19141419975683416
0.0000013760160885646344,0.18260112543201146
0.0000013760160885646344,0.17378805110718876
0.0000013760160885646344,0.16497497678236606
0.0000013760160885646344,0.15616190245754336
0.0000013760160885646344,0.1473488281327211
0.000001360597275826017,0.14294027701365408
0.0000014126762570176884,0.13633718445888876
0.000001407379889957711,0.12532017023397524
0.000001407379889957711,0.11650709590915254
0.000001407379889957711,0.10769402158432984
0.000001407379889957711,0.09888094725950713
0.000001407379889957711,0.09006787293468443
0.000001407379889957711,0.08125479860986218
0.000001407379889957711,0.07244172428503948
0.000001407379889957711,0.06362864996021678
0.000001407379889957711,0.054815575635394076
0.000001407379889957711,0.046002501310571375
0.0000013916096332320136,0.04159395019150436
0.0000014448756607354422,0.308196161706241
0.0000014394585725545722,0.2971791474813279
0.0000014394585725545722,0.2883660731565052
0.0000014394585725545722,0.2795529988316825
0.0000014394585725545722,0.2707399245068598
0.0000014394585725545722,0.26192685018203754
0.0000014394585725545722,0.25311377585721484
0.0000014394585725545722,0.24430070153239214
0.0000014394585725545722,0.23548762720756944
0.0000014394585725545722,0.22667455288274674
0.0000014394585725545722,0.21786147855792404
0.0000014394585725545722,0.20904840423310134
0.0000014394585725545722,0.20133696419888159
0.000001423328861310884,0.19362351020800617
0.000001423328861310884,0.18481043588318347
0.000001423328861310884,0.1759973615583612
0.000001423328861310884,0.1671842872335385
0.000001423328861310884,0.1583712129087158
0.000001423328861310884,0.1495581385838931
0.0000014778089917027159,0.48886821327841634
0.0000014722684307810505,0.4778511990535028
0.0000014722684307810505,0.4690381247286801
0.0000014722684307810505,0.4602250504038574
0.0000014722684307810505,0.4514119760790347
0.0000014722684307810505,0.442598901754212
0.0000014722684307810505,0.43378582742938976
0.0000014722684307810505,0.42497275310456706
0.0000014722684307810505,0.41615967877974436
0.0000014722684307810505,0.40734660445492166
0.0000014722684307810505,0.39853353013009896
0.0000014722684307810505,0.38972045580527626
0.0000014557710719028767,0.38310863610500423
0.0000014557710719028767,0.37429556178018153
0.0000014557710719028767,0.36548248745535883
0.0000014557710719028767,0.35666941313053613
0.0000014557710719028767,0.34785633880571387
0.0000014557710719028767,0.33904326448089117
0.0000014557710719028767,0.33023019015606847
0.0000014557710719028767,0.32141711583124577
0.000001505826130464984,0.6254742219075933
0.000001505826130464984,0.6166611475827706
0.000001505826130464984,0.6078480732579479
0.000001505826130464984,0.5990349989331252
0.000001505826130464984,0.5902219246083025
0.000001505826130464984,0.5814088502834798
0.000001505826130464984,0.5725957759586575
0.000001505826130464984,0.5648843359244378
0.0000014889527440885382,0.5549676133523564
0.0000014889527440885382,0.5461545390275337
0.0000014889527440885382,0.537341464702711
0.0000014889527440885382,0.5285283903778883
0.0000014889527440885382,0.5197153160530661
0.0000014889527440885382,0.5109022417282434
0.0000014889527440885382,0.5020891674034207
0.0000015401487173016465,0.6783566957698404
0.0000015401487173016465,0.6695436214450177
0.0000015401487173016465,0.660730547120195
0.0000015401487173016465,0.6530191070859752
0.0000015228907325592822,0.6431023845138939
0.0000015228907325592822,0.6342893101890716
0.000001575253625512156,0.731239169632087
0.000001575253625512156,0.7224260953072643
0.000001575253625512156,0.7136130209824416
0.000001575253625512156,0.7047999466576189
0.000001575253625512156,0.6959868723327967
0.000001575253625512156,0.687173798007974
0.0000016111586866992121,0.757682420519866
0.0000016111586866992121,0.7488693461950438
0.0000016111586866992121,0.740056271870221
0.0000016111586866992121,0.6794663858870655
0.000001629416957918615,0.731245211502054
0.000001629416957918615,0.7224321371772313
0.000001629416957918615,0.7136190628524086
0.000001629416957918615,0.7048059885275859
0.000001629416957918615,0.6959929142027637
0.000001629416957918615,0.687179839877941
0.000001629416957918615,0.6695536912282956
0.0000016478821389046809,0.6585393622789231
0.0000016478821389046809,0.6497262879541004
0.0000016478821389046809,0.6409132136292777
0.0000016478821389046809,0.632100139304455
0.0000016478821389046809,0.6232870649796323
0.0000016478821389046809,0.6144739906548096
0.0000016478821389046809,0.6056609163299873
0.0000016478821389046809,0.5968478420051646
0.000001629416957918615,0.5924392908860976
0.0000016665565744386331,0.5858335130557912
0.0000016665565744386331,0.577020438730969
0.0000016665565744386331,0.5682073644061463
0.0000016665565744386331,0.5593942900813236
0.0000016665565744386331,0.5505812157565009
0.0000016854426358736643,0.5417701553883338
0.0000016854426358736643,0.5329570810635111
0.0000016854426358736643,0.5241440067386884
0.0000016854426358736643,0.5153309324138662
0.0000016854426358736643,0.5065178580890435
0.0000016854426358736643,0.4977047837642208
0.0000016854426358736643,0.4888917094393981
0.0000016854426358736643,0.4800786351145754
0.0000016854426358736643,0.47236719508035563
0.0000017045427214360443,0.4624545004215861
0.0000017045427214360443,0.4536414260967634
0.0000017045427214360443,0.4448283517719407
0.0000017045427214360443,0.436015277447118
0.0000017238592565296784,0.4250009484977455
0.0000017238592565296784,0.4161878741729228
0.0000017238592565296784,0.4073747998481001
0.0000017238592565296784,0.3985617255232774
0.0000017238592565296784,0.3897486511984547
0.0000017238592565296784,0.380935576873632
0.0000017238592565296784,0.37212250254880974
0.0000017238592565296784,0.36330942822398704
0.0000017045427214360443,0.35890087710492
0.0000017433946940440797,0.3522950992746141
0.0000017433946940440797,0.34348202494979185
0.0000017433946940440797,0.33466895062496915
0.0000017433946940440797,0.32585587630014645
0.0000017433946940440797,0.31704280197532375
0.0000017631515146658511,0.3082317416071563
0.0000017631515146658511,0.2994186672823336
0.0000017631515146658511,0.2906055929575113
0.0000017631515146658511,0.2817925186326886
0.0000017631515146658511,0.2729794443078659
0.0000017631515146658511,0.2641663699830432
0.0000017631515146658511,0.2553532956582205
0.0000017631515146658511,0.2465402213333978
0.0000017631515146658511,0.23882878129917806
0.000001783132227193692,0.22891608664040852
0.000001783132227193692,0.22010301231558582
0.000001783132227193692,0.21128993799076312
0.000001783132227193692,0.20247686366594042
0.0000018033393688569788,0.19146253471656793
0.0000018033393688569788,0.18264946039174523
0.0000018033393688569788,0.17383638606692253
0.0000018033393688569788,0.16502331174209983
0.0000018033393688569788,0.15621023741727713
0.0000018033393688569788,0.14739716309245487
0.000001783132227193692,0.14298861197338786
0.0000018237755056379395,0.13638283414308194
0.0000018237755056379395,0.12756975981825924
0.0000018444432325975112,0.11655543086888676
0.0000018444432325975112,0.10774235654406406
0.0000018444432325975112,0.09892928221924135
0.0000018444432325975112,0.09011620789441865
0.0000018653451742048589,0.07910187894504572
0.0000018864839846706434,0.06808754999567324
0.0000018864839846706434,0.059274475670850535
0.0000018864839846706434,0.050461401346027834
0.0000018864839846706434,0.04274996131180808
0.0000020260395342888414,0.19809315134562588
0.0000020184435624599675,0.18707613712071236
0.0000020184435624599675,0.17826306279588966
0.0000020184435624599675,0.16944998847106696
0.0000020184435624599675,0.16063691414624426
0.0000020184435624599675,0.15182383982142156
0.0000020184435624599675,0.1430107654965993
0.0000020184435624599675,0.1341976911717766
0.0000020184435624599675,0.1253846168469539
0.0000020184435624599675,0.1165715425221312
0.0000020184435624599675,0.1077584681973085
0.0000020184435624599675,0.0989453938724858
0.0000020184435624599675,0.0901323195476631
0.0000020184435624599675,0.08131924522284084
0.0000020184435624599675,0.07250617089801814
0.0000020184435624599675,0.06369309657319544
0.0000020184435624599675,0.05488002224837274
0.0000020184435624599675,0.04606694792355004
0.000001995826091943687,0.04165839680448302
0.000002072219446061701,0.4845220948156723
0.0000020644503377747565,0.47350508059075924
0.0000020644503377747565,0.46469200626593654
0.0000020644503377747565,0.45587893194111384
0.0000020644503377747565,0.44706585761629114
0.0000020644503377747565,0.43825278329146844
0.0000020644503377747565,0.4294397089666462
0.0000020644503377747565,0.4206266346418235
0.0000020644503377747565,0.4118135603170008
0.0000020644503377747565,0.4030004859921781
0.0000020644503377747565,0.3941874116673554
0.0000020644503377747565,0.3853743373425327
0.0000020644503377747565,0.3765612630177104
0.0000020644503377747565,0.3677481886928877
0.0000020644503377747565,0.358935114368065
0.0000020644503377747565,0.3501220400432423
0.0000020644503377747565,0.3413089657184196
0.0000020644503377747565,0.3324958913935969
0.0000020644503377747565,0.3236828170687742
0.0000020644503377747565,0.31597137703455447
0.000002041317342869494,0.30825792304367905
0.000002041317342869494,0.29944484871885635
0.000002041317342869494,0.2906317743940341
0.000002041317342869494,0.2818187000692114
0.000002041317342869494,0.2730056257443887
0.000002041317342869494,0.264192551419566
0.000002041317342869494,0.2553794770947433
0.000002041317342869494,0.2465664027699206
0.000002041317342869494,0.2377533284450979
0.000002041317342869494,0.22894025412027563
0.000002041317342869494,0.22012717979545293
0.000002041317342869494,0.21131410547063023
0.0000021194519455137575,0.6740072207126704
0.0000021115057544358894,0.6629902064877569
0.0000021115057544358894,0.6541771321629342
0.0000021115057544358894,0.6453640578381115
0.0000021115057544358894,0.6365509835132888
0.0000021115057544358894,0.6277379091884661
0.0000021115057544358894,0.6189248348636434
0.0000021115057544358894,0.6101117605388211
0.0000021115057544358894,0.6024003205046009
0.0000020878454846943328,0.5946868665137255
0.0000020878454846943328,0.5858737921889028
0.0000020878454846943328,0.5770607178640805
0.0000020878454846943328,0.5682476435392578
0.0000020878454846943328,0.5594345692144351
0.0000020878454846943328,0.5506214948896124
0.0000020878454846943328,0.5418084205647897
0.0000020878454846943328,0.532995346239967
0.0000020878454846943328,0.5241822719151443
0.0000020878454846943328,0.5153691975903221
0.0000020878454846943328,0.5065561232654994
0.0000020878454846943328,0.49774304894067667
0.0000021677610244799766,0.6879652829736167
0.0000022171712216458815,0.709267573838583
0.0000022088586641392905,0.6993521939042728
0.0000022677076350120103,0.7401173618887738
0.0000022592056077711058,0.7291003476638598
0.000002233890301871889,0.7224885279635873
0.000002310700119046889,0.762153404295256
0.000002310700119046889,0.7533403299704338
0.0000024172370676526997,0.7621614601218782
0.0000024172370676526997,0.753348385797056
0.0000024172370676526997,0.7445353114722333
0.0000024172370676526997,0.7357222371474106
0.0000024172370676526997,0.7269091628225879
0.0000024172370676526997,0.7180960884977652
0.0000024172370676526997,0.7092830141729425
0.0000024172370676526997,0.7004699398481198
0.0000024172370676526997,0.6916568655232975
0.0000024172370676526997,0.6828437911984748
0.0000024172370676526997,0.6740307168736521
0.0000024172370676526997,0.6652176425488294
0.0000024172370676526997,0.6564045682240067
0.0000024172370676526997,0.647591493899184
0.0000024172370676526997,0.6387784195743618
0.0000024172370676526997,0.6299653452495391
0.0000024172370676526997,0.6211522709247164
0.0000024172370676526997,0.6123391965998937
0.0000024172370676526997,0.603526122275071
0.0000024172370676526997,0.5947130479502483
0.0000024172370676526997,0.5858999736254256
0.0000024172370676526997,0.5770868993006033
0.0000024172370676526997,0.5682738249757806
0.0000024446301297682735,0.5594627646076136
0.0000024446301297682735,0.5506496902827909
0.0000024446301297682735,0.5418366159579682
0.0000024446301297682735,0.5330235416331455
0.0000024446301297682735,0.5242104673083228
0.0000024446301297682735,0.5153973929835005
0.0000024446301297682735,0.5065843186586778
0.0000024446301297682735,0.4977712443338551
0.0000024446301297682735,0.4889581700090324
0.0000024446301297682735,0.4801450956842097
0.0000024446301297682735,0.471332021359387
0.0000024446301297682735,0.46251894703456475
0.0000024446301297682735,0.45370587270974205
0.0000024446301297682735,0.44489279838491935
0.000002472333620621727,0.43387846943554687
0.000002472333620621727,0.42506539511072416
0.000002472333620621727,0.41625232078590146
0.000002472333620621727,0.40743924646107876
0.000002472333620621727,0.39862617213625606
0.000002472333620621727,0.38981309781143336
0.000002472333620621727,0.38100002348661066
0.000002472333620621727,0.3721869491617884
0.000002472333620621727,0.3633738748369657
0.000002472333620621727,0.354560800512143
0.000002472333620621727,0.3457477261873203
0.000002472333620621727,0.3369346518624976
0.000002472333620621727,0.3281215775376749
0.000002472333620621727,0.31930850321285265
0.000002472333620621727,0.31049542888802995
0.000002472333620621727,0.30168235456320724
0.000002472333620621727,0.29286928023838454
0.000002472333620621727,0.28405620591356184
0.000002472333620621727,0.27524313158873914
0.000002472333620621727,0.26643005726391644
0.000002472333620621727,0.2576169829390942
0.000002472333620621727,0.24880390861427149
0.000002472333620621727,0.23999083428944878
0.0000024446301297682735,0.23558228317038177
0.00000250035105811117,0.22897650534007585
0.00000250035105811117,0.22016343101525315
0.00000250035105811117,0.21135035669043045
0.00000250035105811117,0.20253728236560775
0.00000250035105811117,0.19372420804078505
0.00000250035105811117,0.18491113371596235
0.00000250035105811117,0.1760980593911401
0.00000250035105811117,0.1672849850663174
0.00000250035105811117,0.1584719107414947
0.00000250035105811117,0.149658836416672
0.00000250035105811117,0.1408457620918493
0.00000250035105811117,0.1320326877670266
0.00000250035105811117,0.12321961344220389
0.00000250035105811117,0.11440653911738163
0.0000025286860000008746,0.1033922101680087
0.0000025286860000008746,0.094579135843186
0.0000025286860000008746,0.08576606151836375
0.0000025286860000008746,0.07695298719354104
0.0000025286860000008746,0.06813991286871834
0.0000025573420443730842,0.05712558391934586
0.0000025573420443730842,0.048312509594523156
0.0000025863228300848915,0.041704717807561575
0.0000029719466867139116,0.044667248047921326
0.000003039686843538771,0.18935257946040407
0.0000030282905330318245,0.17833556523549055
0.0000030282905330318245,0.16952249091066784
0.0000030282905330318245,0.16070941658584514
0.0000030282905330318245,0.15189634226102244
0.0000030282905330318245,0.1430832679362002
0.0000030282905330318245,0.1342701936113775
0.0000030282905330318245,0.12545711928655479
0.0000030282905330318245,0.11664404496173209
0.0000030282905330318245,0.10783097063690938
0.0000030282905330318245,0.09901789631208668
0.0000030282905330318245,0.09020482198726398
0.0000030282905330318245,0.08139174766244173
0.0000030282905330318245,0.07257867333761903
0.0000030282905330318245,0.06486723330339927
0.00000299435732175981,0.057153779312523856
0.0000030973149460658392,0.4229024056626298
0.0000030973149460658392,0.4140893313378071
0.0000030973149460658392,0.40527625701298486
0.0000030973149460658392,0.39646318268816216
0.0000030973149460658392,0.38765010836333946
0.0000030973149460658392,0.37883703403851676
0.0000030973149460658392,0.37002395971369406
0.0000030973149460658392,0.36121088538887136
0.0000030973149460658392,0.35239781106404866
0.0000030973149460658392,0.3435847367392264
0.0000030973149460658392,0.3347716624144037
0.0000030973149460658392,0.325958588089581
0.0000030973149460658392,0.3171455137647583
0.0000030973149460658392,0.3083324394399356
0.0000030973149460658392,0.2995193651151129
0.0000030973149460658392,0.29070629079029064
0.0000030973149460658392,0.28189321646546794
0.0000030973149460658392,0.27308014214064524
0.0000030973149460658392,0.26426706781582254
0.0000030973149460658392,0.25545399349099984
0.0000030973149460658392,0.24664091916617714
0.0000030973149460658392,0.23782784484135444
0.0000030973149460658392,0.22901477051653218
0.0000030973149460658392,0.22020169619170948
0.0000030973149460658392,0.21138862186688678
0.0000030973149460658392,0.20257554754206408
0.0000031798343937805677,0.19376717244943764
0.0000031679126459237972,0.18275015822452412
0.0000031679126459237972,0.17393708389970142
0.0000031679126459237972,0.16512400957487872
0.0000031679126459237972,0.15631093525005602
0.0000031679126459237972,0.14749786092523376
0.0000031679126459237972,0.13868478660041106
0.0000031679126459237972,0.12987171227558836
0.0000031679126459237972,0.12105863795076566
0.0000032401194928372024,0.51544774189989
0.0000032401194928372024,0.5066346675750673
0.0000032401194928372024,0.49782159325024455
0.0000032401194928372024,0.48900851892542185
0.0000032401194928372024,0.48019544460059915
0.0000032401194928372024,0.47138237027577645
0.0000032401194928372024,0.4625692959509542
0.0000032401194928372024,0.4537562216261315
0.0000032401194928372024,0.4449431473013088
0.0000032401194928372024,0.4361300729764861
0.0000032401194928372024,0.4273169986516634
0.0000032401194928372024,0.4185039243268407
0.0000032401194928372024,0.409690850002018
0.0000032401194928372024,0.40087777567719574
0.0000032401194928372024,0.39206470135237304
0.0000032401194928372024,0.38325162702755033
0.0000032401194928372024,0.37443855270272763
0.0000032401194928372024,0.36562547837790493
0.0000032401194928372024,0.35681240405308223
0.0000032401194928372024,0.34799932972826
0.0000032401194928372024,0.3391862554034373
0.0000032401194928372024,0.3303731810786146
0.0000032401194928372024,0.3215601067537919
0.0000032401194928372024,0.3127470324289692
0.0000032401194928372024,0.3039339581041465
0.0000032401194928372024,0.2951208837793238
0.0000032401194928372024,0.2863078094545015
0.0000032401194928372024,0.2774947351296788
0.0000032401194928372024,0.2686816608048561
0.0000032401194928372024,0.2598685864800334
0.0000032401194928372024,0.2510555121552107
0.0000032401194928372024,0.242242437830388
0.0000032038126530218884,0.2334273495489101
0.0000032038126530218884,0.2246142752240874
0.0000032038126530218884,0.2158012008992647
0.0000032038126530218884,0.206988126574442
0.0000032038126530218884,0.11004430900139317
0.0000032038126530218884,0.10123123467657047
0.000003313972164406746,0.7798439995578801
0.000003313972164406746,0.7710309252330574
0.000003313972164406746,0.7622178509082347
0.000003313972164406746,0.7534047765834124
0.000003313972164406746,0.7445917022585897
0.000003313972164406746,0.735778627933767
0.000003313972164406746,0.7269655536089443
0.000003313972164406746,0.7181524792841216
0.000003313972164406746,0.7093394049592989
0.000003313972164406746,0.7005263306344762
0.0000032768377757548805,0.6917112423529983
0.0000032768377757548805,0.6828981680281756
0.0000032768377757548805,0.6740850937033529
0.0000032768377757548805,0.6652720193785302
0.0000032768377757548805,0.6564589450537075
0.0000032768377757548805,0.6476458707288848
0.0000032768377757548805,0.6388327964040625
0.0000032768377757548805,0.6300197220792398
0.0000032768377757548805,0.6212066477544171
0.0000032768377757548805,0.6123935734295944
0.0000032768377757548805,0.6035804991047717
0.0000032768377757548805,0.594767424779949
0.0000032768377757548805,0.5859543504551263
0.0000032768377757548805,0.5771412761303041
0.0000032768377757548805,0.5683282018054814
0.0000032768377757548805,0.5595151274806587
0.0000032768377757548805,0.550702053155836
0.0000032768377757548805,0.5418889788310133
0.0000032768377757548805,0.5330759045061906
0.0000032768377757548805,0.5242628301813679
0.0000034022638484978916,0.8151009960893667
0.0000033895081742328004,0.8040839818644532
0.0000033895081742328004,0.7952709075396305
0.0000033895081742328004,0.7864578332148078
0.000003466765890970502,0.775445518222091
0.000003466765890970502,0.7666324438972683
0.000003466765890970502,0.7578193695724456
0.000003466765890970502,0.7490062952476233
0.000003466765890970502,0.7412948552134031
0.0000035457845578191586,0.7820593518790191
0.0000035457845578191586,0.7357907116737001
0.000003640252246291815,0.7710477082051872
0.0000036266043124559474,0.7611323282708766
0.0000035859667550643388,0.7534188742800012
0.0000035859667550643388,0.7446057999551785
0.0000037232252212607943,0.8195236449050225
0.0000037092662074239,0.8085066306801094
0.0000037092662074239,0.7996935563552867
0.0000036677023903106777,0.7930817366550142
0.0000036677023903106777,0.7842686623301915
0.00000383680517341829,0.8239355526185155
0.00000383680517341829,0.8151224782936928
0.00000383680517341829,0.8063094039688705
0.000003880285328446221,0.7952950750194976
0.000003880285328446221,0.7864820006946749
0.000003880285328446221,0.7776689263698526
0.000003880285328446221,0.7688558520450299
0.0000039242582173493,0.757841523095657
0.0000039242582173493,0.7490284487708347
0.0000039242582173493,0.740215374446012
0.0000039242582173493,0.7314023001211893
0.0000039242582173493,0.7225892257963666
0.000003968729423977695,0.7115748968469942
0.000003968729423977695,0.7027618225221715
0.000003968729423977695,0.6939487481973488
0.000003968729423977695,0.685135673872526
0.000003968729423977695,0.6763225995477034
0.000003968729423977695,0.6675095252228811
0.000003968729423977695,0.6586964508980584
0.000003968729423977695,0.6498833765732357
0.000003968729423977695,0.641070302248413
0.0000039242582173493,0.636661751129346
0.000004013704595459942,0.6300559732990401
0.000004013704595459942,0.6212428989742174
0.000004013704595459942,0.6124298246493947
0.000004013704595459942,0.603616750324572
0.000004013704595459942,0.5948036759997493
0.000004013704595459942,0.5859906016749266
0.000004013704595459942,0.5771775273501043
0.000004013704595459942,0.5683644530252816
0.000004013704595459942,0.5595513787004589
0.000004013704595459942,0.5507383043756362
0.000004013704595459942,0.5419252300508135
0.000004013704595459942,0.5331121557259908
0.000004013704595459942,0.5242990814011681
0.000004013704595459942,0.5154860070763458
0.000004059189442920008,0.5044716781269729
0.000004059189442920008,0.4956586038021502
0.000004059189442920008,0.48684552947732795
0.000004059189442920008,0.47803245515250525
0.000004059189442920008,0.46921938082768255
0.000004059189442920008,0.46040630650285985
0.000004059189442920008,0.45159323217803715
0.000004059189442920008,0.44278015785321445
0.000004059189442920008,0.4339670835283922
0.000004059189442920008,0.4251540092035695
0.000004059189442920008,0.4163409348787468
0.000004059189442920008,0.4075278605539241
0.000004059189442920008,0.3987147862291014
0.000004059189442920008,0.3899017119042787
0.000004059189442920008,0.381088637579456
0.000004059189442920008,0.37227556325463373
0.000004059189442920008,0.36346248892981103
0.000004059189442920008,0.35464941460498833
0.000004059189442920008,0.34583634028016563
0.000004059189442920008,0.33702326595534293
0.000004059189442920008,0.32821019163052023
0.000004059189442920008,0.319397117305698
0.000004059189442920008,0.3105840429808753
0.000004059189442920008,0.3017709686560526
0.000004059189442920008,0.2929578943312299
0.000004059189442920008,0.2841448200064072
0.000004059189442920008,0.27533174568158447
0.000004059189442920008,0.26651867135676177
0.000004059189442920008,0.2577055970319395
0.000004059189442920008,0.24889252270711681
0.000004059189442920008,0.24007944838229411
0.000004059189442920008,0.2312663740574714
0.000004059189442920008,0.2224532997326487
0.000004059189442920008,0.213640225407826
0.000004059189442920008,0.20482715108300376
0.000004059189442920008,0.19601407675818106
0.000004059189442920008,0.18720100243335835
0.000004013704595459942,0.18279245131429134
0.000004105189742202512,0.17618667348398587
0.000004105189742202512,0.16737359915916317
0.000004105189742202512,0.15856052483434047
0.000004105189742202512,0.14974745050951777
0.000004105189742202512,0.14093437618469506
0.000004105189742202512,0.13212130185987236
0.000004105189742202512,0.12330822753504966
0.000004105189742202512,0.11449515321022741
0.000004105189742202512,0.1056820788854047
0.000004105189742202512,0.096869004560582
0.000004105189742202512,0.0880559302357593
0.000004105189742202512,0.0792428559109366
0.000004105189742202512,0.0704297815861139
0.000004105189742202512,0.061616707261291204
0.000004151711334606185,0.050602378311918716
0.000004151711334606185,0.042890938277698964
0.000004359474215181135,0.06162744836345446
0.000004294463280978513,0.05281168876309117
0.000004294463280978513,0.04399861443826847
0.00000444212359321512,0.08366349076993718
0.00000444212359321512,0.07595205073571742
0.000004560471772840276,0.1277335616262465
0.000004543373777205641,0.11671654740133297
0.000004543373777205641,0.10790347307651027
0.000004543373777205641,0.10019203304229052
0.0000044924634498813755,0.0924785790514151
0.000004646931776263209,0.1762088270071973
0.000004646931776263209,0.1673957526823746
0.000004646931776263209,0.1585826783575519
0.000004646931776263209,0.15087123832333216
0.000004594861039981285,0.14095451575125084
0.0000047528501928639385,0.22909130086944396
0.0000047528501928639385,0.22027822654462126
0.0000047528501928639385,0.21146515221979856
0.0000047528501928639385,0.2037537121855788
0.000004699592598198073,0.19383698961349793
0.000004699592598198073,0.18502391528867523
0.000004879476829100639,0.2819744460505764
0.0000048611828284623446,0.27095743182566245
0.0000048611828284623446,0.2621443575008402
0.0000048067113231193865,0.2555325378005673
0.0000048067113231193865,0.24671946347574458
0.0000048067113231193865,0.23790638915092188
0.000004990695690160364,0.3304503827504117
0.0000049719847108199506,0.31943336852549864
0.0000049719847108199506,0.31062029420067594
0.0000049719847108199506,0.30180721987585324
0.0000049719847108199506,0.29299414555103054
0.0000050853121219567174,0.2819818305583133
0.0000050853121219567174,0.2742703905240935
0.000005142940838931967,0.3084230674894366
0.000005142940838931967,0.2996099931646139
0.000005142940838931967,0.29079691883979164
0.000005142940838931967,0.26435769586532354
0.000005142940838931967,0.25554462154050084
0.00000520122262673956,0.2467335611723338
0.00000520122262673956,0.2379204868475111
0.00000520122262673956,0.22910741252268885
0.00000520122262673956,0.22029433819786615
0.00000520122262673956,0.2125828981636464
0.000005260164886229879,0.2026702035048764
0.000005260164886229879,0.1938571291800537
0.000005319775102122595,0.18284280023068078
0.000005319775102122595,0.17402972590585808
0.000005319775102122595,0.16521665158103538
0.000005319775102122595,0.15640357725621268
0.000005319775102122595,0.14759050293139042
0.00000538006084395712,0.1365761739820175
0.00000538006084395712,0.1277630996571948
0.000005441029767053767,0.11895203928902776
0.000005441029767053767,0.1101389649642055
0.000005441029767053767,0.1013258906393828
0.000005441029767053767,0.0925128163145601
0.000005441029767053767,0.08480137628034035
0.000005502689613485927,0.07488868162157036
0.000005565048213063136,0.06387435267219788
0.000005565048213063136,0.055061278347375175
0.000005691893435548477,0.04404896335465791
0.000007130747429185937,0.057308853975003515
0.000007130747429185937,0.048495779650180815
0.000007130747429185937,0.04188597390656357
0.000007293279937353374,0.11900440216207286
0.000007293279937353374,0.11019132783725061
0.000007293279937353374,0.10137825351242791
0.000007293279937353374,0.0925651791876052
0.000007293279937353374,0.08485373915338545
0.000007211555807425742,0.07493701658130414
0.000007211555807425742,0.06612394225648144
0.0000074595170804800005,0.1718868760243204
0.0000074595170804800005,0.1630738016994977
0.0000074595170804800005,0.154260727374675
0.0000074595170804800005,0.1454476530498523
0.0000073759301966199144,0.13663256476837393
0.0000073759301966199144,0.12781949044355123
0.000007629543299028407,0.18070397826245355
0.000007832811520153652,0.171895603169828
0.000007716004224313941,0.1652831121506697
0.000007981310391449587,0.19393164557631026
0.000007981310391449587,0.18511857125148756
0.000007981310391449587,0.15978098256762285
0.0000081939504803688,0.3525716826553138
0.000008163229946063966,0.3415546684304003
0.000008163229946063966,0.3327415941055776
0.000008163229946063966,0.3239285197807549
0.000008163229946063966,0.3151154454559326
0.000008163229946063966,0.3063023711311099
0.000008163229946063966,0.2974892968062872
0.000008163229946063966,0.2886762224814645
0.000008163229946063966,0.2798631481566418
0.000008163229946063966,0.2710500738318191
0.000008163229946063966,0.26223699950699686
0.000008071757677006464,0.25562517980672395
0.000008071757677006464,0.24681210548190124
0.000008071757677006464,0.23799903115707854
0.000008071757677006464,0.2291859568322563
0.000008071757677006464,0.2203728825074336
0.000008071757677006464,0.2115598081826109
0.000008071757677006464,0.2027467338577882
0.000008071757677006464,0.17630751088332053
0.000008071757677006464,0.16749443655849783
0.000008349296028344598,0.5068038399341361
0.000008349296028344598,0.49799076560931343
0.000008349296028344598,0.48917769128449073
0.000008349296028344598,0.48036461695966803
0.000008349296028344598,0.47155154263484533
0.000008349296028344598,0.4627384683100231
0.000008349296028344598,0.4539253939852004
0.000008349296028344598,0.4451123196603777
0.000008349296028344598,0.436299245335555
0.000008349296028344598,0.4274861710107323
0.000008349296028344598,0.4186730966859096
0.000008255738814130178,0.4098580084044312
0.000008255738814130178,0.40104493407960895
0.000008255738814130178,0.39223185975478625
0.000008255738814130178,0.38341878542996355
0.000008255738814130178,0.37460571110514085
0.000008255738814130178,0.36579263678031815
0.000008539603150900238,0.6213778340701412
0.000008539603150900238,0.6125647597453185
0.000008539603150900238,0.6037516854204958
0.000008539603150900238,0.5949386110956731
0.000008539603150900238,0.5861255367708504
0.000008539603150900238,0.5773124624460282
0.000008443913468969855,0.5684973741645503
0.000008443913468969855,0.5596842998397276
0.000008443913468969855,0.5508712255149049
0.000008443913468969855,0.5420581511900822
0.000008443913468969855,0.5332450768652595
0.000008443913468969855,0.5244320025404368
0.000008443913468969855,0.5156189282156145
0.000008734247980583797,0.6566341592827429
0.000008734247980583797,0.6478210849579202
0.000008734247980583797,0.6401096449237005
0.000008636377225187505,0.6301929223516196
0.000008933329387594552,0.6918904844953451
0.000008933329387594552,0.6830774101705224
0.000008933329387594552,0.6753659701363026
0.00000883322784510213,0.6654492475642213
0.000009171333407255001,0.7102557552375881
0.00000903456531934821,0.7007055727768225
0.000009380377387107655,0.723479394638133
0.000009594186146907997,0.7367030340386784
0.000009812868291208861,0.7499266734392234
0.000009998906198755959,0.7624152186604816
0.000010459914941097904,0.7624232744871038
0.000010942178914391223,0.762431330313726
0.000011191586119096535,0.7514190153210092
0.000011191586119096535,0.7426059409961865
0.000011191586119096535,0.7337928666713638
0.000011066179903244461,0.7293843155522968
0.000011318413486521404,0.7227785377219913
0.000011446678110556441,0.7117642087726184
0.000011446678110556441,0.7029511344477957
0.000011446678110556441,0.694138060122973
0.000011318413486521404,0.6897295090039064
0.000011576396278747505,0.6831237311736005
0.000011707584463217232,0.6721094022242275
0.000011707584463217232,0.6632963278994053
0.000011707584463217232,0.6544832535745826
0.000011576396278747505,0.6500747024555156
0.000011840259322756624,0.6434689246252097
0.000011974437704940598,0.6324545956758372
0.000011974437704940598,0.6236415213510145
0.000011974437704940598,0.6148284470261918
0.000011974437704940598,0.6060153727013695
0.000011974437704940598,0.5972022983765468
0.000012110136648267257,0.5861879694271734
0.000012110136648267257,0.5773748951023512
0.000012110136648267257,0.5685618207775285
0.000012110136648267257,0.5597487464527058
0.000012110136648267257,0.5509356721278831
0.000012110136648267257,0.5421225978030604
0.000012247373384321535,0.5333115374348933
0.000012247373384321535,0.5244984631100706
0.000012247373384321535,0.5156853887852484
0.000012247373384321535,0.5068723144604257
0.000012247373384321535,0.498059240135603
0.000012247373384321535,0.4892461658107803
0.000012247373384321535,0.4804330914859576
0.000012247373384321535,0.4716200171611349
0.000012247373384321535,0.46280694283631263
0.000012247373384321535,0.45399386851148993
0.000012247373384321535,0.44518079418666723
0.000012247373384321535,0.4374693541524475
0.00001252653013954044,0.42755867345033316
0.00001252653013954044,0.41874559912551046
0.00001252653013954044,0.40993252480068776
0.00001252653013954044,0.4011194504758655
0.00001252653013954044,0.3923063761510428
0.00001252653013954044,0.3834933018262201
0.00001252653013954044,0.3746802275013974
0.00001252653013954044,0.3658671531765747
0.00001252653013954044,0.357054078851752
0.00001252653013954044,0.34824100452692974
0.00001252653013954044,0.3416311987833125
0.000012812049768784543,0.44518885001328945
0.000012812049768784543,0.43637577568846675
0.00001310407730227472,0.4540059522514235
0.00001310407730227472,0.4275667292769554
0.00001310407730227472,0.4187536549521327
0.00001310407730227472,0.40994058062731
0.00001310407730227472,0.4011275063024877
0.00001310407730227472,0.392314431977665
0.00001310407730227472,0.3835013576528423
0.00001310407730227472,0.3746882833280196
0.000013252577756910364,0.44519489188325645
0.000013252577756910364,0.43638181755843375
0.000013402761075933781,0.36587923691650825
0.000013402761075933781,0.35706616259168555
0.000013402761075933781,0.3482530882668633
0.000013402761075933781,0.3394400139420406
0.000013402761075933781,0.3306269396172179
0.000013402761075933781,0.3218138652923952
0.00001355464633021286,0.31300280492422816
0.00001355464633021286,0.30418973059940546
0.00001355464633021286,0.29537665627458276
0.00001355464633021286,0.2865635819497605
0.000013708252806733889,0.277752521581593
0.000013708252806733889,0.2689394472567703
0.000013708252806733889,0.2601263729319476
0.000013708252806733889,0.2513132986071249
0.000013708252806733889,0.24250022428230222
0.000013708252806733889,0.23368714995747997
0.000013863600011050713,0.22487608958931293
0.000013863600011050713,0.21606301526449023
0.000013863600011050713,0.20724994093966753
0.000013863600011050713,0.19843686661484483
0.000014020707669761639,0.1896258062466778
0.000014020707669761639,0.1808127319218551
0.000014020707669761639,0.17199965759703284
0.000014020707669761639,0.16318658327221014
0.000014020707669761639,0.15437350894738744
0.000014020707669761639,0.1466620689131677
0.000014179595733014412,0.1367493742543977
0.000014340284377039456,0.12573504530502522
0.000014340284377039456,0.11692197098020252
0.000014340284377039456,0.10810889665537982
0.000014340284377039456,0.09929582233055712
0.000014179595733014412,0.0948872712114901
0.000014502794006712102,0.08828149338118418
0.000014502794006712102,0.07946841905636148
0.000014667145258143562,0.07065735868819445
0.000014667145258143562,0.06184428436337175
0.000014667145258143562,0.05303121003854949
0.000014667145258143562,0.04531977000432974
0.000014833359001301414,0.03540707534555976
0.000014833359001301414,0.026594001020737057
0.000015001456342659755,0.017782940652570023
0.000016478438091767036,0.03542587227434524
0.000016416657583830023,0.02551049234003422
0.0000162327023443654,0.0177970383491588
0.000016854034324887684,0.05746258599971288
0.000016602697474969312,0.048646826399349585
0.000017368180071792916,0.061874493713205414
0.000017565002982506883,0.05086016476383293
0.000017368180071792916,0.04645161364476591
0.000018032974231948304,0.04058294395040285
0.00001844400330859756,0.06188523481536867
0.00001837485355748332,0.0519698548810581
0.000018793675155859308,0.08392127722185139
0.000018793675155859308,0.07510820289702869
0.000019222043036099122,0.09273837945998542
0.000019660174788455494,0.08172606446726816
0.000019660174788455494,0.07291299014244546
0.00002010829296275783,0.06300230944033114
0.000021035404255246775,0.05970546239514496
0.000022005260864319854,0.05310371247815038
0.00002301983360200877,0.04650196256115535
0.00002408118414644164,0.04210348122536667
0.00002519146923130788,0.03329846272716619
0.000026352945028482167,0.028899981391377505
0.000026057649698811197,0.024491430272310488
0.000027567971732712924,0.020094962893177026
0.000028839018357692512,0.015696481557388342
0.0005649030859094796,0.015126531823858702
0.0005777790314307883,0.022841999771389343
0.0005931723664338623,0.032394196188810565
0.0006112675621303201,0.03607168104190128
0.000618194681742519,0.027260620673734248
0.0006322853129361207,0.016248305681017428
0.0007077049620132362,0.011861908085161854
0.000726559816500825,0.019210835921376734
0.0007403343484682719,0.03169938114263493
0.000748724102648893,0.0405144694241133
0.0007572089327575114,0.02399196902172651
0.0007657899162311911,0.03170542301260193
0.0007921207451939598,0.022898390557745785
0.0007921207451939598,0.014085316232923084
0.0008286421987675765,0.04493913219642476
0.0008286421987675765,0.03612605787160206
0.0008193569302330775,0.02731096959012369
0.0008193569302330775,0.01849789526530099
0.0008193569302330775,0.011888089521684186
0.0008475296010036805,0.06256930875938105
0.0008475296010036805,0.05375623443455879
0.0008766709575192374,0.05376227630452535
0.0008866057307012338,0.04495121593635831
0.0009068143069546416,0.03393890094364105
0.0008966530885620442,0.029530349824574476
0.0009274835012032284,0.022926585950923783
0.0009274835012032284,0.015215145916704031
0.000973897287799979,0.031748387421254076
0.0009702459788116113,0.0218330074869435
0.0009593739830682304,0.014119553496068082
0.0009923609834505606,0.06259750415255905
0.0009923609834505606,0.05378442982773679
0.0009812411802010974,0.04496934154625842
0.0010149800596763662,0.08022768071551578
0.0010149800596763662,0.07251624068129603
0.0010420214149871464,0.09859295145775926
0.0010264822049118696,0.08904276899699415
0.0010617766463741941,0.11989457100383971
0.0010617766463741941,0.11218313096961996
0.0010859779272585051,0.13752474756679645
0.0010859779272585051,0.1298133075325767
0.0011107308326284804,0.15515492412975274
0.0011107308326284804,0.14744348409553298
0.0011360479357679226,0.17278510069270947
0.0011360479357679226,0.16507366065848927
0.0011619420965459438,0.19041527725566532
0.0011619420965459438,0.18270383722144556
0.0011928988515912302,0.20804612513750742
0.0011884264679491395,0.1981307452031964
0.0012292891815983344,0.2124580328510004
0.0012292891815983344,0.2036449585261777
0.0012432199604036692,0.19263062957680477
0.0012432199604036692,0.18381755525198207
0.0012715569139102858,0.17060197167805935
0.0012715569139102858,0.16178889735323665
0.001300539757090174,0.14857331377931438
0.001300539757090174,0.13976023945449167
0.0013301832118318415,0.12874792446177397
0.0013301832118318415,0.11993485013695127
0.0013605023355826502,0.10892253514423444
0.0013605023355826502,0.10010946081941174
0.00134525736067492,0.09570090970034473
0.0013915125289972765,0.08689387724548903
0.0013915125289972765,0.07808080292066633
0.0013759200724218375,0.07367225180159975
0.0014232295437605104,0.06486521934674361
0.0014232295437605104,0.05605214502192091
0.0014556694905883288,0.04283656144799819
0.0014556694905883288,0.03402348712317549
0.0014888488474113972,0.023011172130458224
0.0014888488474113972,0.014198097805635523
0.0015285151347468689,0.031828945687477184
0.0015633548764554966,0.07149180806249023
0.001557493589250034,0.0604747938375767
0.001540041248253575,0.053862974137304676
0.001540041248253575,0.045049899812481975
0.001540041248253575,0.018610676838013873
0.0015929938424884822,0.11115399911861834
0.0015929938424884822,0.10234092479379564
0.0015929938424884822,0.09352785046897294
0.0015751437069012433,0.08471276218749457
0.0016354347871079767,0.14641099565010496
0.0016293032598793241,0.13539398142519188
0.001611046262692094,0.12878216172491896
0.001611046262692094,0.11996908740009626
0.0016664402848578965,0.18607318670623263
0.0016664402848578965,0.17726011238141037
0.0016664402848578965,0.16844703805658767
0.0016477671523953863,0.15963194977510975
0.0017108380081603707,0.22133018323772014
0.0017044237812443525,0.21031316901280617
0.0016853250284545743,0.2037013493125337
0.0016853250284545743,0.194888274987711
0.0017432730428255468,0.2609923742938478
0.0017432730428255468,0.2521792999690251
0.0017432730428255468,0.2433662256442024
0.0017237389684618917,0.23455113736272448
0.0017897177638871423,0.2962493708253344
0.0017830078031553576,0.2852323566004209
0.0017630284848488221,0.27862053690014843
0.0017630284848488221,0.26980746257532573
0.001823648245578381,0.34472463620628524
0.001823648245578381,0.33591156188146254
0.001823648245578381,0.32709848755663984
0.001823648245578381,0.3193870475224201
0.0018032135347974822,0.30947032495033877
0.0018652150134821062,0.3976071100685319
0.0018652150134821062,0.3887940357437092
0.0018652150134821062,0.3799809614188865
0.0018652150134821062,0.37226952138466674
0.001844314530377916,0.36235279881258586
0.001844314530377916,0.35353972448776316
0.001907729220782731,0.450489583930779
0.001907729220782731,0.4416765096059563
0.001907729220782731,0.4328634352811336
0.001907729220782731,0.4251519952469138
0.0018863523489164131,0.4152352726748325
0.0018863523489164131,0.40642219835001026
0.0019512124626500603,0.5033720577930261
0.0019512124626500603,0.4945589834682034
0.0019512124626500603,0.48574590914338067
0.0019512124626500603,0.4780344691091609
0.0019293483436002305,0.4681177465370796
0.0019293483436002305,0.45930467221225735
0.0019956868264767824,0.54744145733045
0.0019956868264767824,0.5386283830056273
0.0019956868264767824,0.5309169429714076
0.001973324354323953,0.5210002203993267
0.001973324354323953,0.512187146074504
0.002064306283820677,0.5430409620380057
0.002087699798265332,0.5320266330886327
0.002064306283820677,0.5276180819695662
0.002135285144385417,0.5210143180959159
0.0021839551125221587,0.5100020031031987
0.00215948301863505,0.5055934519841316
0.002233734424675394,0.4989896881104814
0.002284648366338293,0.48797737311776457
0.002259047964114141,0.48356882199869755
0.002336722799341173,0.47476178954384185
0.0023105388821874984,0.47035323842477483
0.0023899841749880713,0.4637494745511246
0.0023899841749880713,0.4549364002263019
0.0023899841749880713,0.4461233259014792
0.0023899841749880713,0.43841188586725943
0.0024170683968200084,0.42849919120848945
0.0024170683968200084,0.41968611688366675
0.0024170683968200084,0.41087304255884405
0.0024170683968200084,0.4020599682340218
0.0024170683968200084,0.3932468939091991
0.0024170683968200084,0.3844338195843764
0.0024170683968200084,0.3756207452595537
0.0024170683968200084,0.366807670934731
0.0024170683968200084,0.3579945966099083
0.0024444595474926957,0.3491835362417417
0.0024444595474926957,0.340370461916919
0.0024444595474926957,0.3315573875920963
0.0024444595474926957,0.3227443132672736
0.0024444595474926957,0.3139312389424509
0.0024444595474926957,0.3051181646176282
0.0024444595474926957,0.2963050902928055
0.0024444595474926957,0.28749201596798324
0.0024444595474926957,0.27867894164316054
0.0024444595474926957,0.26986586731833784
0.0024444595474926957,0.26105279299351514
0.0024444595474926957,0.25223971866869244
0.0024444595474926957,0.24342664434386974
0.0024444595474926957,0.23461357001904748
0.0024444595474926957,0.22580049569422478
0.0024444595474926957,0.21698742136940208
0.0025001765877207195,0.20817837495789027
0.0025001765877207195,0.19936530063306757
0.0025001765877207195,0.19055222630824487
0.0025001765877207195,0.18173915198342216
0.0025001765877207195,0.1729260776585999
0.0025001765877207195,0.1641130033337772
0.0025001765877207195,0.1552999290089545
0.0025001765877207195,0.1464868546841318
0.0025001765877207195,0.1376737803593091
0.0025001765877207195,0.1288607060344864
0.0025001765877207195,0.1200476317096637
0.0025001765877207195,0.11123455738484145
0.0025001765877207195,0.10242148306001875
0.0025001765877207195,0.09360840873519605
0.0025001765877207195,0.08479533441037335
0.0025001765877207195,0.07598226008555065
0.0025001765877207195,0.06716918576072795
0.0025001765877207195,0.05835611143590569
0.0025001765877207195,0.04954303711108299
0.0025001765877207195,0.04072996278626029
0.0025001765877207195,0.03191688846143759
0.0025001765877207195,0.023103814136614886
0.0025001765877207195,0.014290739811792186
0.0025571635972452098,0.3756308150428316
0.0025571635972452098,0.3668177407180089
0.0025571635972452098,0.3580046663931862
0.0025571635972452098,0.3491915920683639
0.0025571635972452098,0.3403785177435412
0.0025571635972452098,0.3315654434187185
0.0025571635972452098,0.3227523690938958
0.0025571635972452098,0.3139392947690731
0.0025571635972452098,0.3051262204442504
0.0025571635972452098,0.2963131461194277
0.0025571635972452098,0.28750007179460546
0.0025571635972452098,0.27868699746978276
0.0025571635972452098,0.26987392314496006
0.0025571635972452098,0.26106084882013736
0.0025571635972452098,0.25224777449531466
0.0025571635972452098,0.24343470017049196
0.0025571635972452098,0.2346216258456697
0.0025571635972452098,0.225808551520847
0.0025571635972452098,0.2169954771960243
0.0026252921961882757,0.613588521045239
0.002615449522722475,0.6025715068203259
0.002615449522722475,0.5937584324955032
0.002615449522722475,0.5849453581706805
0.002615449522722475,0.5761322838458578
0.002615449522722475,0.5673192095210351
0.002615449522722475,0.5585061351962124
0.002615449522722475,0.5496930608713901
0.002615449522722475,0.5408799865465674
0.002615449522722475,0.5320669122217447
0.002615449522722475,0.523253837896922
0.002615449522722475,0.5155423978627023
0.002586142360725386,0.5078289438718269
0.002586142360725386,0.49901586954700416
0.002586142360725386,0.49020279522218146
0.002586142360725386,0.48138972089735876
0.002586142360725386,0.47257664657253606
0.002586142360725386,0.4637635722477138
0.002586142360725386,0.4549504979228911
0.002586142360725386,0.4461374235980684
0.002586142360725386,0.4373243492732457
0.002586142360725386,0.428511274948423
0.002586142360725386,0.4196982006236003
0.002586142360725386,0.4108851262987776
0.002586142360725386,0.40207205197395535
0.002586142360725386,0.39325897764913265
0.002586142360725386,0.38444590332430995
0.002586142360725386,0.20818441682785727
0.002586142360725386,0.19937134250303457
0.002586142360725386,0.19055826817821186
0.002586142360725386,0.18174519385338916
0.002586142360725386,0.1729321195285669
0.00267506397059557,0.6356245634517217
0.00267506397059557,0.6279131234175015
0.0027360372221329563,0.653254740014678
0.0027360372221329563,0.6455432999804582
0.0028089314174049385,0.6708855878965196
0.002767043050472826,0.6620698282961563
0.002862184728040466,0.6929216303030024
0.002862184728040466,0.6852101902687822
0.002927423059268257,0.7105518068659586
0.002927423059268257,0.7028403668317389
0.0029941483804235996,0.7281819834289149
0.0029941483804235996,0.7204705433946952
0.003097098820515701,0.7281880252988819
0.0031321963380508103,0.7193769649307149
0.003203589096236663,0.7105679185192031
0.0032766091233965146,0.7017588721076917
0.0033512935101874717,0.6907465571149745
0.0034276801926811764,0.6797342421222576
0.0035058079716335185,0.6709251957107463
0.003585716532193494,0.6621161492992345
0.0036674464640614342,0.6533071028877231
0.0037510392821065624,0.6422947878950058
0.0038365374474545627,0.631282472902289
0.003923984389055785,0.6224734264907776
0.004013424525745079,0.6114611114980604
0.004013424525745079,0.6026480371732377
0.004013424525745079,0.593834962848415
0.00405890619934719,0.582820633899042
0.00405890619934719,0.5740075595742198
0.004104903288804358,0.5651964992060527
0.004104903288804358,0.55638342488123
0.004104903288804358,0.5475703505564073
0.004104903288804358,0.5387572762315846
0.0041514216350077085,0.5299462158634176
0.0041514216350077085,0.5211331415385954
0.004198467145039595,0.5101188125892224
0.004198467145039595,0.5013057382643997
0.004198467145039595,0.49249266393957747
0.004198467145039595,0.48367958961475477
0.0041514216350077085,0.47927103849568775
0.004246045792923704,0.4726652606653814
0.004246045792923704,0.46385218634055914
0.004294163620383663,0.4528378573911862
0.004294163620383663,0.4440247830663635
0.004294163620383663,0.43521170874154125
0.004294163620383663,0.42639863441671855
0.004246045792923704,0.42199008329765153
0.004342826737610238,0.4153843054673456
0.004342826737610238,0.40657123114252336
0.004392041324037233,0.39555690219315043
0.004392041324037233,0.3867438278683277
0.004392041324037233,0.37793075354350547
0.004392041324037233,0.36911767921868277
0.004342826737610238,0.36470912809961575
0.004441813629126178,0.35810335026930984
0.004441813629126178,0.3492902759444876
0.004441813629126178,0.3404772016196649
0.00449214997315991,0.3316661412514974
0.00449214997315991,0.3228530669266747
0.00449214997315991,0.314039992601852
0.00449214997315991,0.3052269182770293
0.00449214997315991,0.29751547824280955
0.004543056748045164,0.28760278358404
0.004543056748045164,0.2787897092592173
0.004543056748045164,0.2699766349343946
0.004543056748045164,0.2611635606095719
0.004594540418124171,0.2523525002414049
0.004594540418124171,0.24353942591658218
0.004594540418124171,0.23472635159175992
0.004594540418124171,0.22591327726693722
0.004594540418124171,0.21710020294211452
0.004594540418124171,0.20828712861729182
0.004594540418124171,0.19947405429246912
0.004594540418124171,0.19176261425824936
0.004646607520995634,0.18184991959947938
0.004646607520995634,0.17303684527465713
0.004646607520995634,0.16422377094983442
0.004646607520995634,0.15541069662501172
0.00469926466834483,0.1465996362568447
0.00469926466834483,0.137786561932022
0.00469926466834483,0.1289734876071993
0.00469926466834483,0.12016041328237659
0.00469926466834483,0.11134733895755433
0.00469926466834483,0.10253426463273163
0.00469926466834483,0.09372119030790893
0.00469926466834483,0.08600975027368918
0.004752518546783197,0.07609705561491875
0.004752518546783197,0.06728398129009605
0.004752518546783197,0.058470906965273794
0.004752518546783197,0.049657832640451094
0.004806375918697432,0.04084677227228406
0.004806375918697432,0.03203369794746136
0.004806375918697432,0.02322062362263866
0.004806375918697432,0.014407549297815958
0.0052597978405630194,0.04086288392552895
0.0052597978405630194,0.03204980960070625
0.0052597978405630194,0.023236735275883547
0.0052597978405630194,0.015525295241663795
0.005399930704173059,0.08493295478183827
0.005379685432147226,0.07391594055692474
0.005379685432147226,0.06620450052270499
0.00531940389695277,0.05849104653182957
0.00531940389695277,0.04967797220700687
0.005523012371276757,0.133408891481674
0.0055023056448418916,0.12239187725676048
0.0055023056448418916,0.11468043722254073
0.005440650100932551,0.10696698323166531
0.005440650100932551,0.09815390890684261
0.005648899462673295,0.1818848281815093
0.005627720763809596,0.17086781395659623
0.005627720763809596,0.16315637392237647
0.005564659893138435,0.15544291993150106
0.005564659893138435,0.14662984560667836
0.005777655922942257,0.2303607648813455
0.005755994493890703,0.21934375065643152
0.005755994493890703,0.21053067633160882
0.005691496264572473,0.20391885663133635
0.005691496264572473,0.19510578230651365
0.005909347154164489,0.2788367015811808
0.005887191991962373,0.26781968735626727
0.005887191991962373,0.259006613031445
0.005821223642002832,0.2523947933311721
0.005821223642002832,0.2435817190063494
0.006044040049143117,0.33612571260583923
0.006021379900035025,0.32510869838092527
0.006021379900035025,0.316295624056103
0.006021379900035025,0.3074825497312803
0.005953907920689519,0.30087073003100784
0.005953907920689519,0.2920576557061856
0.006181803025381896,0.41104087228014263
0.006158626379103407,0.4000238580552291
0.006158626379103407,0.3912107837304064
0.006158626379103407,0.3823977094055837
0.006158626379103407,0.37468626937136396
0.006089616497855899,0.36697281538048854
0.006089616497855899,0.35815974105566584
0.006089616497855899,0.3493466667308436
0.006322706059838028,0.48595603195444603
0.006299001143769009,0.47493901772953295
0.006299001143769009,0.46612594340471025
0.006299001143769009,0.45731286907988755
0.006299001143769009,0.4496014290456678
0.006228418306923384,0.4418879750547924
0.006228418306923384,0.4330749007299697
0.006228418306923384,0.424261826405147
0.006466820724466985,0.5608711916287499
0.0064425754976517435,0.5498541774038364
0.0064425754976517435,0.5410411030790137
0.0064425754976517435,0.532228028754191
0.0064425754976517435,0.5245165887199712
0.006370383852526198,0.5168031347290958
0.006370383852526198,0.5079900604042731
0.006370383852526198,0.4991769860794504
0.006614220222577772,0.6357863513030533
0.006589422369608749,0.6247693370781398
0.006589422369608749,0.615956262753317
0.006589422369608749,0.6071431884284948
0.006589422369608749,0.5983301141036721
0.006515585246324356,0.5917182944033992
0.006515585246324356,0.5829052200785765
0.006515585246324356,0.5740921457537542
0.0067649794260165735,0.7107015109773567
0.006739616350778771,0.6996844967524432
0.006739616350778771,0.6908714224276205
0.006739616350778771,0.6820583481027978
0.006739616350778771,0.673245273777975
0.006664096243632943,0.666633454077703
0.006664096243632943,0.6578203797528803
0.006664096243632943,0.6490073054280576
0.006919174913198079,0.7856166706516605
0.0068932337324707485,0.774599656426747
0.0068932337324707485,0.7657865821019243
0.0068932337324707485,0.7569735077771016
0.0068932337324707485,0.7481604334522789
0.006815992280886154,0.7415486137520064
0.006815992280886154,0.7327355394271837
0.006815992280886154,0.723922465102361
0.007076885008003622,0.8252795330266731
0.0069713505139555295,0.8164637734263098
0.0069713505139555295,0.8076506991014876
0.0069713505139555295,0.7988376247766649
0.007211052596905204,0.8385025011083331
0.007375415516324455,0.8473196033464672
0.007543524791621296,0.8583399741658067
0.007715465814211357,0.8693603449851461
0.007891325921853265,0.8781774472232797
0.008101568621787729,0.8877296436407005
0.008443324266555608,0.8969173139034616
0.008668273445920667,0.9053678760302795
0.009033934902217901,0.9134539120024372
0.009274619279429436,0.9061143826306153
0.009665858759064746,0.8980431156739312
0.009665858759064746,0.891433309930314
0.01011151204369361,0.8848315600133199
0.010577712581810308,0.8760265415151194
0.011065407723385033,0.8694247915981248
0.011360215113002286,0.862085262226302
0.011839433128906614,0.8584205324320298
0.012385301053687988,0.8650383940022692
0.012246518782720922,0.8562233057207909
0.012667601621006571,0.8749571305310058
0.012956336719868925,0.8848758670597423
0.013251653013799502,0.8958962378790818
0.013553700509253046,0.9047133401172158
0.013862632631810453,0.9135304423553494
0.01417860630411161,0.9223475445934834
0.014501782025564618,0.9311646468316166
0.014832323953871502,0.9399817490697506
0.015227490477880972,0.9495339454871714
0.015929567894619374,0.9583550756386163
0.01569201720865195,0.9510081617590571
0.01666401523467567,0.9671762057900617
0.016415512056425247,0.9598292919105016
0.01736696814871167,0.9774655103434249
0.018167688146017567,0.9862866404948702
0.019005326073303918,0.9951077706463152
0.019881584065597327,1.00392890079776
0.020798242736421398,1.0061402252055878
0.021757164796119638,1.00614828103221
0.02276029883700433,1.0061563368588327
0.023809683293024044,1.0061643926854549
0.02490745058199443,1.006172448512077
0.026055831438810295,1.0061805043386993
0.027257159448445346,1.006188560165322
0.02851387578794912,1.0061966159919442
0.02982853418707799,1.0062046718185664
0.031203806117641626,1.0062127276451887
0.03264248622210808,1.0062207834718113
0.03414749799249951,1.0062288392984335
0.03572189971112005,1.0062368951250558
0.03736889066518428,1.006244950951678
0.039091817647978935,1.0062530067783002
0.04089418175976532,1.0062610626049229
0.042779645522243365,1.006269118431545
0.04475204032103609,1.0062771742581673
0.04681537419131529,1.0062852300847895
0.048973839962390325,1.0062932859114122
0.051231823777812574,1.0063013417380344
0.0535939140083053,1.0063093975646566
0.05606491057563223,1.0063174533912789
0.05864983470635368,1.0063255092179015
0.06135393913528654,1.0063335650445238
0.06418271877940405,1.006341620871146
0.06714192190386778,1.0063496766977682
0.0702375618028775,1.0063577325243904
0.07347592901907724,1.006365788351013
0.07686360412635082,1.0063738441776353
0.08040747110197746,1.0063819000042575
0.0841147313153225,1.0063899558308798
0.08799291816149311,1.0063980116575024
0.09204991236968688,1.0064060674841246
0.09629395801735115,1.0064141233107469
0.10073367928268637,1.006422179137369
0.1053780979695387,1.0064302349639913
0.1102366518402976,1.006438290790614
0.11531921379404486,1.0064463466172362
0.1206361119289295,1.0064544024438584
0.1261981505295411,1.0064624582704806
0.13201663202192113,1.0064705140971033
0.13810337994082994,1.0064785699237255
0.14447076295594533,1.0064866257503478
0.15113172000580655,1.00649468157697
0.1580997865905813,1.0065027374035926
0.16538912227709052,1.0065107932302149
0.17301453947197223,1.006518849056837
0.1809915335214578,1.0065269048834593
0.18933631419893276,1.0065349607100815
0.1980658386442539,1.0065430165367042
0.2071978458217636,1.0065510723633264
0.2167508925670306,1.0065591281899486
0.22674439129554633,1.0065671840165709
0.23719864945002828,1.0065752398431935
0.2481349107664686,1.0065832956698157
0.25957539844279137,1.006591351496438
0.2715433602978494,1.0065994073230602
0.2840631160125092,1.0066074631496829
0.29716010654882885,1.006615518976305
0.3108609458477626,1.0066235748029273
0.32519347491042555,1.0066316306295495
0.34018681837282416,1.0066396864561717
0.35587144368902807,1.0066477422827944
0.3722792230430248,1.0066557981094166
0.3894434981150768,1.0066638539360389
0.40739914783420383,1.006671909762661
0.4261826592544432,1.0066799655892837
0.44583220169892296,1.006688021415906
0.4663877043224322,1.0066960772425282
0.487890937250069,1.0067041330691504
0.510385596456859,1.006712188895773
0.5339173925608474,1.0067202447223953
0.558534143710046,1.0067283005490175
0.5842858727520513,1.0067363563756397
0.6112249088837348,1.006744412202262
0.6394059939875839,1.0067524680288846
0.668886393870801,1.0067605238555069
0.6997260146331595,1.006768579682129
0.7319875244001072,1.0067766355087513
0.7657364806685093,1.006784691335374
0.8010414635237614,1.0067927471619962
0.8379742149989945,1.0068008029886184
0.8766097848595968,1.0068088588152406
0.9170266831092337,1.0068169146418633
0.9593070395272959,1.0068249704684855
1.003536770562002,1.0068330262951077
1.0498057539182282,1.00684108212173
1.098208011194866,1.0068491379483522
1.148841898942884,1.0068571937749748
1.2018103085322558,1.006865249601597
1.257220875233936,1.0068733054282193
1.3151861969417964,1.0068813612548415
1.375824062978892,1.0068894170814642
1.43925769345305,1.0068974729080864
1.505615989648222,1.0069055287347086
1.5750337959602738,1.0069135845613308
1.6476521739096548,1.0069216403879535
1.7236186887876124,1.0069296962145757
1.8030877095184872,1.006937752041198
1.886220722347502,1.0069458078678202
1.9731866589913485,1.0069538636944424
2.064162239918454,1.006961919521065
2.159332333456574,1.0069699753476873
2.2588903314572963,1.0069780311743095
2.3630385422808984,1.0069860870009317
2.471988601900214,1.0069941428275544
2.585961903958741,1.0070021986541766
2.7051900496569643,1.0070102544807988
2.8299153183811976,1.007018310307421
2.9603911600311066,1.0070263661340437
3.0968827100464362,1.007034421960666
3.2396673281796255,1.0070424777872882
3.389035162108927,1.0070505336139104
3.5452897370374106,1.0070585894405326
3.708748572476115,1.0070666452671553
3.8797438274643397,1.0070747010937775
4.0586229755386265,1.0070827569203997
4.245749510821661,1.007090812747022
4.4415036866660405,1.0070988685736446
4.646283288354041,1.0071069244002668
4.860504441423273,1.007114980226889
5.08460245726091,1.0071230360535113
5.31903271768501,1.007131091880134
5.564271600310073,1.0071391477067562
5.820817446577435,1.0071472035333784
6.089191574417784,1.0071552593600006
6.369939337603211,1.0071633151866228
6.663631233941648,1.0071713710132455
6.970864064565862,1.0071794268398677
7.2922621466722966,1.00718748266649
7.628478582174338,1.0071955384931122
7.980196584848275,1.0072035943197348
8.348130868668266,1.007211650146357
8.733029100151763,1.0072197059729793
9.135673417666977,1.0072277617996015
9.556882020788906,1.0072358176262237
9.997510832934596,1.0072438734528464
9.997510832934596,0.9984307991280237
9.997510832934596,0.9907193590938039
10.110806478989552,0.9808066644350344
10.110806478989552,0.9719935901102117
10.110806478989552,0.963180515785389
10.110806478989552,0.9543674414605663
10.110806478989552,0.9455543671357436
10.225386034972638,0.9367433067675761
10.225386034972638,0.9279302324427539
10.225386034972638,0.9191171581179312
10.225386034972638,0.9103040837931085
10.225386034972638,0.9014910094682858
10.225386034972638,0.892677935143463
10.225386034972638,0.8838648608186404
10.225386034972638,0.8750517864938177
10.225386034972638,0.8673403464595979
10.341264050646014,0.8574276518008284
10.341264050646014,0.8486145774760057
10.341264050646014,0.839801503151183
10.341264050646014,0.8309884288263603
10.341264050646014,0.8221753545015376
10.458455240655391,0.813364294133371
10.458455240655391,0.8045512198085483
10.458455240655391,0.7957381454837256
10.458455240655391,0.7869250711589029
10.458455240655391,0.7781119968340802
10.458455240655391,0.7692989225092575
10.458455240655391,0.7604858481844348
10.458455240655391,0.7516727738596125
10.458455240655391,0.7428596995347898
10.576974486398392,0.7340486391666228
10.576974486398392,0.7252355648418001
10.576974486398392,0.7164224905169774
10.576974486398392,0.7076094161921547
10.576974486398392,0.6987963418673324
10.696836837914498,0.6899852814991654
10.696836837914498,0.6811722071743427
10.696836837914498,0.67235913284952
10.696836837914498,0.6635460585246973
10.696836837914498,0.6547329841998746
10.696836837914498,0.6459199098750519
10.696836837914498,0.6371068355502296
10.696836837914498,0.6282937612254069
10.696836837914498,0.6194806869005842
10.818057515795998,0.6106696265324167
10.818057515795998,0.601856552207594
10.818057515795998,0.5930434778827713
10.818057515795998,0.5842304035579486
10.818057515795998,0.5754173292331264
10.940651913120796,0.5666062688649594
10.940651913120796,0.5577931945401366
10.940651913120796,0.548980120215314
10.940651913120796,0.5401670458904912
10.940651913120796,0.5313539715656685
10.940651913120796,0.5225408972408463
10.940651913120796,0.5137278229160236
10.940651913120796,0.5049147485912009
10.940651913120796,0.4961016742663782
11.064635597407094,0.48729061389821116
11.064635597407094,0.47847753957338846
11.064635597407094,0.46966446524856575
11.064635597407094,0.4608513909237435
11.064635597407094,0.4520383165989208
11.190024312590204,0.44322725623075376
11.190024312590204,0.43441418190593106
11.190024312590204,0.42560110758110836
11.190024312590204,0.41678803325628566
11.190024312590204,0.4079749589314634
11.190024312590204,0.3991618846066407
11.190024312590204,0.390348810281818
11.190024312590204,0.3815357359569953
11.190024312590204,0.3727226616321726
11.316833981021782,0.36391160126400557
11.316833981021782,0.35509852693918287
11.316833981021782,0.3462854526143606
11.316833981021782,0.3374723782895379
11.316833981021782,0.3286593039647152
11.445080705491716,0.31984824359654773
11.445080705491716,0.31103516927172503
11.445080705491716,0.30222209494690233
11.445080705491716,0.2934090206220801
11.445080705491716,0.2845959462972574
11.445080705491716,0.2757828719724347
11.445080705491716,0.266969797647612
11.445080705491716,0.25815672332278927
11.445080705491716,0.24934364899796657
11.574780771272906,0.24053258862979954
11.574780771272906,0.23171951430497728
11.574780771272906,0.22290643998015458
11.574780771272906,0.21409336565533188
11.574780771272906,0.20528029133050918
11.70595064818925,0.1942659623811367
11.70595064818925,0.185452888056314
11.70595064818925,0.1766398137314913
11.70595064818925,0.1678267394066686
11.70595064818925,0.1590136650818459
11.70595064818925,0.15020059075702363
11.70595064818925,0.14138751643220093
11.70595064818925,0.13257444210737823
11.70595064818925,0.12376136778255553
11.838606992707078,0.11274703883318304
11.838606992707078,0.10393396450836034
11.838606992707078,0.09512089018353764
11.838606992707078,0.08630781585871494
11.838606992707078,0.07749474153389224
11.97276665005008,0.06868368116572521
11.97276665005008,0.05987060684090295
11.97276665005008,0.05105753251608025
11.97276665005008,0.04224445819125755
11.97276665005008,0.03343138386643485
11.97276665005008,0.02461830954161215
11.97276665005008,0.018008503797995346
